선명,역명,주소,위도,경도
1호선,소요산,경기도 동두천시 상봄암동 126-3,37.948655,127.060991
1호선,동두천,경기도 동두천시 동두천동 245-31,37.927878,127.05479
1호선,보산,경기도 동두천시 보산동 422,37.913702,127.057277
1호선,동두천중앙,경기도 동두천시 생연동 726-3,37.901885,127.056482
1호선,지행,동두천시 지행동 481-2,37.892334,127.055716
1호선,덕정,경기도 양주시 덕정동 350-14,37.843331,127.061513
1호선,덕계,경기도 양주시 덕계동 209-5,37.818486,127.056486
1호선,양주,경기도 양주시 남방동 94-1,37.774381,127.044708
1호선,녹양,경기도 의정부시 녹양동 96-1,37.75938,127.042292
1호선,가능,경기도 의정부시 가능동 197-1,37.748577,127.044213
1호선,의정부,경기도 의정부시 의정부동 168-54,37.738415,127.045958
1호선,회룡,경기도 의정부시 호원동 50-5(회룡역),37.724846,127.046895
1호선,망월사,경기도 의정부시 호원동 50-5,37.709914,127.047455
1호선,도봉산,서울특별시 도봉구 도봉동 301-5,37.689313,127.046222
1호선,도봉 ,서울시 도봉구 도봉2동 639,37.679563,127.045595
1호선,방학,서울시 도봉구 도봉로 150다길 3,37.667503,127.044273
1호선,창동,서울특별시 도봉구 마들로 11길 77(창동역 1호선),37.653166,127.047731
1호선,녹천,서울특별시 도봉구 창동 57-11,37.644799,127.051269
1호선,월계,서울특별시 노원구 월계동 263-1,37.633212,127.058831
1호선,광운대,노원구 월계동 85,37.623632,127.061835
1호선,석계,서울특별시 노원구 월계동 36-4,37.614805,127.065851
1호선,신이문,서울특별시 동대문구 이문동 7,37.601854,127.067325
1호선,외대앞,서울특별시 동대문구 이문동 360-5,37.596073,127.063549
1호선,회기,서울특별시 동대문구 휘경동 317-101,37.58946,127.057583
1호선,청량리,서울특별시 동대문구 전농동 620-69 청량리역(1호선),37.580178,127.046835
1호선,제기동,서울특별시 동대문구 제기동 65 제기동역(1호선),37.578103,127.034893
1호선,신설동,서울특별시 동대문구 신설동 76-5 신설동역(1호선),37.575994,127.024345
1호선,동묘앞,서울특별시 종로구 숭인동 117 동묘앞역(1호선),37.573231,127.016451
1호선,동대문,서울특별시 종로구 창신동 492-1 동대문역(1호선),37.57142,127.009745
1호선,종로5가,서울특별시 종로구 종로5가 82-1 종로5가역(1호선),37.570926,127.001849
1호선,종로3가,서울특별시 종로구 종로3가 10-5 종로3가역(1호선),37.571607,126.991806
1호선,종각,서울특별시 종로구 종로1가 54 종각역(1호선),37.570161,126.982923
1호선,시청,서울특별시 중구 정동 5-5 시청역(1호선),37.564718,126.977108
1호선,서울,서울특별시 중구 남대문로5가 73-6 서울역(1호선),37.554648,126.972559
1호선,남영,서울특별시 용산구 갈월동 96-1,37.541021,126.9713
1호선,용산,서울 용산구 한강로3가 40-999,37.529849,126.964561
1호선,노량진,서울특별시 동작구 노량진동 67-2,37.514219,126.942454
1호선,대방,서울특별시 영등포구 신길동 1368-3,37.513342,126.926382
1호선,신길,서울특별시 영등포구 신길동 41-1,37.517122,126.917169
1호선,영등포,서울특별시 영등포구 영등포동 618-496,37.515504,126.907628
1호선,신도림,서울시 구로구 신도림동 460-26,37.508725,126.891295
1호선,구로,서울특별시 구로구 구로동 585-3,37.503039,126.881966
1호선,구일,서울시 구로구 구로1동 642-7,37.496151,126.869558
1호선,개봉,서울특별시 구로구 개보동 415,37.494594,126.85868
1호선,오류동,서울시 구로구 오류동 66,37.494369,126.844694
1호선,온수,서울시 구로구 온수동51-7,37.492258,126.823388
1호선,역곡,경기도 부천시 원미곡 역곡동 382,37.485178,126.811502
1호선,소사,경기도 부천시 소사구 소사본동 395,37.482753,126.79544
1호선,부천,경기도 부천시 소사구 심곡본동 316-2,37.48405,126.782686
1호선,중동,경기도 부천시 송내동 632번지,37.486562,126.764843
1호선,송내,경기도 부천시 소사구 송내동 632-4,37.4876,126.753664
1호선,부개,인천광역시 부평구 부개동 468,37.488418,126.74109
1호선,부평,인천광역시 부평구 부평동 738-21,37.489493,126.724805
1호선,백운,인천광역시 부평구 십정동 541-1,37.483664,126.707704
1호선,동암,인천 부평구 십정2동474-1,37.471408,126.702896
1호선,간석,인천광역시 남동구 간석4동 762번지,37.464737,126.694181
1호선,주안,인천광역시 남구 주안동 125,37.464941,126.679923
1호선,도화,도화동 668,37.46607,126.668672
1호선,제물포,인천광역시 미추홀구 숭의동 450-39,37.466769,126.656666
1호선,도원,인천광역시 동구 창영동 179-1번지,37.468446,126.642706
1호선,동인천,인천광역시 중구 인현동 1-613,37.475276,126.632802
1호선,인천,인천광역시 중구,37.476691,126.616936
1호선,가산디지털단지,서울특별시 금천구 가산동 468-4,37.481371,126.88268
1호선,독산,서울특별시 금천구 가산동 717,37.466613,126.889249
1호선,금천구청,서울특별시 금천구 시흥대로63길 91,37.455626,126.89398
1호선,광명,경기도 광명시 일직동 276-1,37.416182,126.884466
1호선,석수,안양시 만안구 석수2동 423번지,37.435047,126.902295
1호선,관악,경기도 안양시 만악구 석수동 101-16,37.419232,126.908706
1호선,안양,경기도 안양시 만안구 안양동 88-1,37.401592,126.922874
1호선,명학,경기도 안양시 안양6동 383-1,37.384653,126.935433
1호선,금정,경기도 군포시 금정동 613 금정역,37.372221,126.943429
1호선,군포,경기도 군포시 당동 134-1,37.35356,126.948462
1호선,당정,경기도 군포시 당정동 938번지,37.344285,126.948345
1호선,의왕,경기도 의왕시 삼동 191,37.320852,126.948217
1호선,성균관대,경기도 수원시 장안구 율전동 495-2,37.300349,126.97075
1호선,화서,경기도 수원시 팔달구 화서동 464,37.283862,126.989627
1호선,수원,경기도 수원시 팔달구 매산로1가 18,37.265974,126.999874
1호선,세류,경기도 수원시 권선구 장지동 25-4,37.245025,127.013222
1호선,병점,경기도 화성시 진암동 824-1,37.207503,127.032731
1호선,세마,경기도 오산시 세교동 244-5,37.187533,127.04318
1호선,서동탄,경기도 오산시 외삼미로 242,37.195551,127.052134
1호선,오산대,경기도 오산시 수청동 435-1,37.168953,127.063197
1호선,오산,경기도 오산시 오산동 603-116,37.145885,127.06672
1호선,진위,경기도 평택시 진위면 하북리 139-3,37.109447,127.062278
1호선,송탄,경기도 평택시 신장동 257-5,37.075696,127.054301
1호선,서정리,경기도 평택시 서정동 427-53,37.056496,127.052819
1호선,평택지제,지제동 141-1,37.018822,127.070269
1호선,평택,경기도 평택시 평택동 185-568,36.990726,127.085159
1호선,성환,충청남도 천안시 서북구 성환읍 성환리 449-128,36.916076,127.126964
1호선,직산,충청남도 천안시 서북구 직산읍 모시리 58-11,36.870593,127.143904
1호선,두정,충청남도 천안시 서북구 두정동 84-1,36.833705,127.14896
1호선,천안,충청남도 천안시 대흥동 57-1,36.810005,127.146826
1호선,봉명,봉명동 20-2,36.801215,127.135763
1호선,쌍용(나사렛대),천안시 서북구 쌍용2동 426-3번지,36.793759,127.1214
1호선,아산,충청남도 아산시 배방읍 장재리 268,36.792053,127.104361
1호선,탕정,충남 아산시 탕정면 한들물빛6로 11,36.788229,127.084463
1호선,배방,충청남도 아산시 배방읍 구령리 148-2,36.777737,127.053134
1호선,온양온천,충청남도 아산시 온천동 56-9,36.780483,127.003249
1호선,신창,충남 아산시 신창면 행목리 346-46,36.769502,126.951108
2호선,시청,서울특별시 중구 서소문로 지하127(서소문동),37.563534,126.975271
2호선,을지로입구,서울특별시 중구 을지로 지하42(을지로1가),37.565998,126.982569
2호선,을지로3가,서울특별시 중구 을지로 지하106(을지로3가),37.566292,126.991773
2호선,을지로4가,서울특별시 중구 을지로 지하178(을지로4가),37.566611,126.998122
2호선,동대문역사문화공원,서울특별시 중구 을지로 지하279(을지로7가),37.565609,127.009083
2호선,신당,서울특별시 중구 퇴계로 지하431-1(신당동),37.565681,127.019488
2호선,상왕십리,서울특별시 성동구 왕십리로 지하374(하왕십리동),37.564504,127.028872
2호선,왕십리,서울특별시 성동구 왕십리로 지하300(행당동),37.561159,127.035505
2호선,한양대,서울특별시 성동구 왕십리로 206(행당동),37.55658,127.043504
2호선,뚝섬,서울특별시 성동구 아차산로 18(성수동1가),37.54718,127.047413
2호선,성수,서울특별시 성동구 아차산로 100(성수동2가),37.544628,127.055983
2호선,건대입구,서울특별시 광진구 아차산로 243(화양동),37.540408,127.069231
2호선,구의,서울특별시 광진구 아차산로 384-1(구의동),37.536857,127.085024
2호선,강변,서울특별시 광진구 강변역로 53(구의동),37.535161,127.094684
2호선,잠실나루,서울특별시 송파구 오금로 20(신천동),37.520688,127.103836
2호선,잠실,서울특별시 송파구 올림픽로 지하265(신천동),37.513305,127.100129
2호선,잠실새내,서울특별시 송파구 올림픽로 지하140(잠실동),37.520731,127.103738
2호선,종합운동장,서울특별시 송파구 올림픽로 지하23(잠실동),37.511008,127.073641
2호선,삼성,서울특별시 강남구 테헤란로 지하538(삼성동),37.508827,127.063203
2호선,선릉,서울특별시 강남구 테헤란로 지하340(삼성동),37.504257,127.048174
2호선,역삼,서울특별시 강남구 테헤란로 지하156(역삼동),37.500658,127.03643
2호선,강남,서울특별시 강남구 강남대로 지하396(역삼동),37.497958,127.027539
2호선,교대,서울특별시 서초구 서초대로 지하294(서초동),37.493957,127.014631
2호선,서초,서울특별시 서초구 서초대로 지하233(서초동),37.49191,127.007945
2호선,방배,서울특별시 서초구 방배로 지하80(방배동),37.481469,126.997627
2호선,사당,서울특별시 동작구 남부순환로 지하2089(사당동),37.476536,126.981631
2호선,낙성대,서울특별시 관악구 남부순환로 지하1928(봉천동),37.47693,126.963783
2호선,서울대입구,서울특별시 관악구 남부순환로 지하1822(봉천동),37.481233,126.952745
2호선,봉천,서울특별시 관악구 남부순환로 지하1721(봉천동),37.482416,126.941896
2호선,신림,서울특별시 관악구 남부순환로 지하1614(신림동),37.484216,126.929573
2호선,신대방,서울특별시 동작구 대림로 2(신대방동),37.487534,126.913279
2호선,구로디지털단지,서울특별시 구로구 도림천로 477(구로동),37.485005,126.902626
2호선,대림,서울특별시 구로구 도림천로 351(구로동),37.492426,126.895293
2호선,신도림,서울특별시 구로구 새말로 지하 117-21(신도림동),37.508815,126.891222
2호선,문래,서울특별시 영등포구 당산로 지하28(문래동3가),37.517993,126.894766
2호선,영등포구청,서울특별시 영등포구 당산로 지하121(당산동3가),37.525766,126.896627
2호선,당산,서울특별시 영등포구 당산로 229(당산동6가),37.533877,126.902011
2호선,합정,서울특별시 마포구 양화로 지하55(서교동),37.550025,126.914557
2호선,홍대입구,서울특별시 마포구 양화로 지하160(동교동),37.556748,126.923643
2호선,신촌,서울특별시 마포구 신촌로 지하90(노고산동),37.555153,126.93689
2호선,이대,서울특별시 마포구 신촌로 지하180(염리동),37.556734,126.945897
2호선,아현,서울특별시 마포구 신촌로 지하270(아현동),37.557407,126.956079
2호선,충정로,서울특별시 서대문구 서소문로 지하17(충정로3가),37.559742,126.964455
2호선,용답,서울특별시 성동구 용답길 86(용답동),37.562114,126.050883
2호선,신답,서울특별시 성동구 천호대로 232(용답동),37.56978,127.047064
2호선,신설동,서울특별시 동대문구 왕산로 지하 1(신설동),37.574653,127.025158
2호선,도림천,서울특별시 구로구 경인로67길 160(신도림동),37.514463,126.882646
2호선,양천구청,서울특별시 양천구 목동로3길 지하33(신정동),37.512194,126.865193
2호선,신정네거리,서울특별시 양천구 중앙로 지하261(신정동),37.520218,126.852849
2호선,용두,서울특별시 동대문구 천호대로 지하129(용두동),37.574012,127.03811
2호선,까치산,서울특별시 강서구 강서로 지하54(화곡동),37.53181,126.846706
3호선,대화,경기도 고양시 일산서구 대화동 2221,37.675883,126.747756
3호선,대곡,경기도 고양시 대장동 426-2,37.631629,126.811025
3호선,화정,경기도 고양시 덕양구 화정동 1098,37.634598,126.832802
3호선,원흥,경기도 고양시 덕양구 원흥동143-1,37.650709,126.873239
3호선,주엽,경기도 고양시 일산 서구,37.670138,126.761232
3호선,정발산,경기도 고양시 일산동구 마두동 1123,37.659709,126.773254
3호선,마두,경기도 고양시 일산동구 마두동 765-1,37.65212,126.777699
3호선,백석,경기도 고양시 일산동구 백석동 1538,37.642973,126.788109
3호선,원당,경기도 고양시 덕양구 성사동 410-7,37.653103,126.842891
3호선,삼송,경기도 고양시 덕양구 삼송동 18-5,37.653096,126.895559
3호선,지축,경기도 고양시 덕양구 삼송로 300(지축동),37.648281,126.912551
3호선,구파발,서울특별시 은평구 진관2로 지하15-25 (진관동),37.636612,126.918827
3호선,연신내,서울특별시 은평구 통일로 지하849(갈현동),37.618863,126.921357
3호선,불광,서울특별시 은평구 통일로 지하723-1(대조동),37.610554,126.929843
3호선,녹번,서울특별시 은평구 통일로 지하602-1(녹번동),37.600882,126.935758
3호선,홍제,서울특별시 서대문구 통일로 지하440-1(홍제동),37.588851,126.944092
3호선,무악재,서울특별시 서대문구 통일로 지하361(홍제동),37.582658,126.950131
3호선,독립문,서울특별시 서대문구 통일로 지하247(현저동),37.574534,126.957902
3호선,경복궁,서울특별시 종로구 사직로 지하130(적선동),37.575844,126.973576
3호선,안국,서울특별시 종로구 율곡로 지하62(안국동),37.576562,126.98547
3호선,종로3가,서울특별시 종로구 돈화문로 지하30(묘동),37.570433,126.992286
3호선,을지로3가,서울특별시 중구 을지로 지하129(을지로3가),37.566299,126.992616
3호선,충무로,서울특별시 중구 퇴계로 지하214(필동2가),37.5612186,126.994305
3호선,동대입구,서울특별시 중구 동호로 지하256(장충동2가),37.559049,127.005372
3호선,약수,서울특별시 중구 다산로 지하122(신당동),37.554674,127.010628
3호선,금호,서울특별시 성동구 동호로 지하104(금호동4가),37.548269,127.015785
3호선,옥수,서울특별시 성동구 동호로 21(옥수동),37.541653,127.017303
3호선,압구정,서울특별시 강남구 압구정로 지하172(신사동),37.526169,127.028502
3호선,신사,서울특별시 강남구 도산대로 지하102(신사동),37.516438,127.020247
3호선,잠원,서울특별시 서초구 잠원로4길 지하46(잠원동),37.512989,127.011613
3호선,고속터미널,서울특별시 서초구 신반포로 지하188(반포동),37.504953,127.004916
3호선,교대,서울특별시 서초구 서초대로 지하294(서초동),37.49306,127.013796
3호선,남부터미널,서울특별시 서초구 서초중앙로 지하31(서초동),37.48494,127.016289
3호선,양재,서울특별시 서초구 남부순환로 지하2585(서초동),37.48466,127.03513
3호선,매봉,서울특별시 강남구 남부순환로 지하2744(도곡동),37.487114,127.046907
3호선,도곡,서울특별시 강남구 남부순환로 지하2814(도곡동),37.491129,127.055694
3호선,대치,서울특별시 강남구 남부순환로 지하2952(대치동),37.494601,127.063449
3호선,학여울,서울특별시 강남구 남부순환로 지하3104(대치동),37.496757,127.070541
3호선,대청,서울특별시 강남구 일원로 지하2(일원동),37.493607,127.079526
3호선,일원,서울특별시 강남구 일원로 지하121(일원동),37.48389,127.08416
3호선,수서,서울특별시 강남구 광평로 지하270(수서동),37.487507,127.101324
3호선,가락시장,서울특별시 송파구 송파대로 지하257(가락동),37.492368,127.118101
3호선,경찰병원,서울특별시 송파구 중대로 지하149(가락동),37.495754,127.124198
3호선,오금,서울특별시 송파구 오금로 지하321(오금동),37.502288,127.128344
4호선,경마공원,경기도 과천시 경마공원대로 지하105,37.443987,127.007899
4호선,고잔,경기도 안산시 단원구 중앙대로 784,37.316821,126.823094
4호선,과천,경기도 과천시 별양로 지하 177,37.432832,126.996655
4호선,금정,경기도 군포시 군포로 750(금정동),37.371957,126.943611
4호선,길음,서울특별시 성북구 동소문로 지하248(길음동),37.604087,127.025353
4호선,남태령,서울특별시 서초구 과천대로 지하816(방배동),37.464339,126.989081
4호선,노원,서울특별시 노원구 상계로 69-1(상계동),37.656274,127.063183
4호선,당고개,서울특별시 노원구 상계로 305(상계동),37.66956,127.078404
4호선,대공원,경기도 과천시 대공원대로 50,37.435724,127.006474
4호선,대야미,군포시 대야1로 28번,37.3281687,126.91666
4호선,동대문,서울특별시 종로구 율곡로 지하308(종로6가),37.57099,127.008835
4호선,동대문역사문화공원,서울특별시 중구 장충단로 지하230(광희동2가),37.565773,127.008661
4호선,동작,서울특별시 동작구 현충로 257(동작동),37.503567,126.980171
4호선,명동,서울특별시 중구 퇴계로 지하126(충무로2가),37.561055,126.988271
4호선,미아,서울특별시 강북구 도봉로 지하198(미아동),37.626435,127.026151
4호선,미아사거리,서울특별시 강북구 도봉로 지하50(미아동),37.613276,127.030083
4호선,반월,경기도 안산시 상록구 건건로 119-10,37.312038,126.903775
4호선,범계,경기도 안양시 동안구 동안로 지하 130,37.389783,126.950752
4호선,별내별가람경기도 남양주시 별내3로 지하 345,,37.667927,127.116256
4호선,사당,서울특별시 동작구  동작대로 지하3(사당동),37.476563,126.981746
4호선,산본,경기도 군포시 번영로 504 (산본동),37.35815,126.933181
4호선,삼각지,서울특별시 용산구 한강대로 지하180(한강로1가),37.535057,126.973354
4호선,상계,서울특별시 노원구 상계로 182(상계동),37.660576,127.073199
4호선,상록수,경기도 안산시 상록수 상록수로 61,37.302845,126.866533
4호선,서울역,서울특별시 용산구 한강대로 지하392(동자동),37.554564,126.970816
4호선,선바위,경기도 과천시 중앙로 440,37.451854,127.002164
4호선,성신여대입구,서울특별시 성북구 동소문로 지하102(동선동4가),37.592782,127.017338
4호선,수리산,경기도 군포시 번영로 385,37.350297,126.925537
4호선,수유,서울특별시 강북구 도봉로 지하338(수유동),37.637127,127.024731
4호선,숙대입구,서울특별시 용산구 한강대로 지하306(갈월동),37.545124,126.971952
4호선,신길온천,경기도 안산시 단원구 황고개로 2,37.337488,126.767306
4호선,신용산,서울특별시 용산구 한강대로 지하112(한강로2가),37.52919,126.96858
4호선,쌍문,서울특별시 도봉구 도봉로 지하 486-1(창동),37.648274,127.034381
4호선,안산,경기도 안산시 단원구 중앙대로 462,37.327006,126.788748
4호선,오남,경기도 남양주시 오남읍 진건오남로 지하 929,37.705159,127.191111
4호선,오이도,경기도 시흥시 역전로 430,37.361773,126.738437
4호선,이촌,서울특별시 용산구 서빙고로 지하83(용산동5가),37.522525,126.97335
4호선,인덕원,경기도 안양시 동안구 흥안대로 529,37.401901,126.976818
4호선,정부과천청사,경기도 과천시 중앙로 지하 100(별양동),37.426445,126.989802
4호선,정왕,경기도 시흥시 마유로 418번길 15,37.351816,126.742844
4호선,중앙,경기도 안산시 단원구 중앙대로 918,37.316055,126.838532
4호선,진접,경기도 남양주시 진접읍 경복대로 지하 244,37.719946,127.203268
4호선,창동,서울특별시 도봉구 마들로11길 77(창동),37.652993,127.046746
4호선,초지,경기도 안산시 단원구 중앙대로 620,37.320583,126.806151
4호선,총신대입구(이수),서울특별시 동작구 동작대로 지하117(사당동),37.487521,126.982309
4호선,충무로,서울특별시 중구 퇴계로 지하214(필동2가),37.561302,126.995473
4호선,평촌,경기도 안양시 동안구 부림로 지하 123,37.394346,126.963881
4호선,한대앞,경기도 안산시 상록구 충장로 337,37.309685,126.853656
4호선,한성대입구,서울특별시 성북구 삼선교로 지하1(삼선동1가),37.58838,127.006751
4호선,혜화,서울특별시 종로구 대학로 지하120(명륜4가),37.582116,127.001759
4호선,회현,서울특별시 중구 퇴계로 지하54(남창동),37.559698,126.979565
5호선,강동,서울특별시 강동구 천호대로 지하1097(천호동),37.53581,127.13249
5호선,강일,서울특별시 강동구 고덕로 지하456(강일동),37.557521,127.176018
5호선,개롱,서울특별시 송파구 오금로 지하402(가락동),37.498097,127.134817
5호선,개화산,서울특별시 강서구 양천로 22(방화동),37.572458,126.806838
5호선,거여,서울특별시 송파구 오금로 지하499(거여동),37.493208,127.143983
5호선,고덕,서울특별시 강동구 고덕로 지하253(고덕동),37.555002,127.154214
5호선,공덕,서울특별시 마포구 마포대로 지하100(공덕동),37.544005,126.951058
5호선,광나루(장신대),서울특별시 광진구 아차산로 지하571(광장동),37.545301,127.103478
5호선,광화문,서울특별시 종로구 세종대로 지하172(세종로),37.571623,126.976622
5호선,군자(능동),서울특별시 광진구 천호대로 지하550(능동),37.557102,127.079559
5호선,굽은다리(강동구민회관앞),서울특별시 강동구 양재대로 지하1572(명일동),37.545442,127.142844
5호선,길동,서울특별시 강동구 양재대로 지하1480(길동),37.538022,127.140085
5호선,김포공항,서울특별시 강서구 하늘길 지하77(방화동),37.56217,126.801273
5호선,까치산,서울특별시 강서구 강서로 지하54(화곡동),37.53181,126.846706
5호선,답십리,서울특별시 성동구 천호대로 지하300(용답동),37.566833,127.05266
5호선,동대문역사문화공원,서울특별시 중구 마른내로 지하162(광희동1가),37.564682,127.00533
5호선,둔촌동,서울특별시 강동구 양재대로 지하1369(둔촌동),37.527787,127.136219
5호선,마곡,서울특별시 강서구 공항대로 지하163(마곡동),37.559909,126.824856
5호선,마장,서울특별시 성동구 마장로 지하296(마장동),37.566066,127.042921
5호선,마천,서울특별시 송파구 마천로57길 지하7(마천동),37.494972,127.152784
5호선,마포,서울특별시 마포구 마포대로 지하33(도화동),37.539718,126.946043
5호선,명일,서울특별시 강동구 양재대로 지하1632(명일동),37.551317,127.144002
5호선,목동,서울특별시 양천구 오목로 지하245(목동),37.526088,126.864296
5호선,미사,경기도 하남시 미사강변동로 지하90(망월동),37.56329,127.192954
5호선,발산,서울특별시 강서구 공항대로 지하267(마곡동),37.558641,126.83744
5호선,방이,서울특별시 송파구 양재대로 지하1127(방이동),37.508752,127.126054
5호선,방화,서울특별시 강서구 금낭화로 지하132(방화동),37.577669,126.812822
5호선,상일동,서울특별시 강동구 고덕로 지하359(상일동),37.556714,127.166381
5호선,서대문,서울특별시 종로구 통일로 지하126(평동),37.565812,126.966639
5호선,송정,서울특별시 강서구 공항대로 지하33(공항동),37.561411,126.812052
5호선,신금호,서울특별시 성동구 금호로 지하154(금호동2가),37.554504,127.020403
5호선,신길,서울특별시 영등포구 경인로114가길 지하9(영등포동1가),37.516936,126.917599
5호선,신정(은행정),서울특별시 양천구 오목로 지하179(신정동),37.525001,126.856176
5호선,아차산(어린이대공원후문),서울특별시 광진구 천호대로 지하657(능동),37.552005,127.089609
5호선,애오개,서울특별시 마포구 마포대로 지하210(아현동),37.553592,126.956733
5호선,양평,서울특별시 영등포구 양산로 지하21(양평동2가),37.525614,126.886177
5호선,여의나루,서울특별시 영등포구 여의동로 지하343(여의도동),37.527145,126.932807
5호선,여의도,서울특별시 영등포구 여의나루로 지하40(여의도동),37.521578,126.924318
5호선,영등포구청,서울특별시 영등포구 양산로 지하116(당산동3가),37.524209,126.895022
5호선,영등포시장,서울특별시 영등포구 양산로 지하200(영등포동5가),37.52276,126.905143
5호선,오금,서울특별시 송파구 오금로 지하321(오금동),37.502228,127.127701
5호선,오목교(목동운동장앞),서울특별시 양천구 오목로 지하342(목동),37.524557,126.875049
5호선,올림픽공원(한국체대),서울특별시 송파구 양재대로 지하1233(방이동),37.516217,127.130957
5호선,왕십리,서울특별시 성동구 왕십리로 지하300(행당동),37.56197,127.037264
5호선,우장산,서울특별시 강서구 강서로 지하262(화곡동),37.548864,126.83633
5호선,을지로4가,서울특별시 중구 창경궁로 지하51(주교동),37.56658,126.998127
5호선,장한평,서울특별시 동대문구 천호대로 지하405(장안동),37.561438,127.064601
5호선,종로3가,서울특별시 종로구 돈화문로11길 지하 26(돈의동),37.570436,126.992017
5호선,천호(풍납토성),서울특별시 강동구 천호대로 지하997(천호동),37.538566,127.123539
5호선,청구,서울특별시 중구 청구로 지하77(신당동),37.560237,127.01379
5호선,충정로,서울특별시 서대문구 충정로 지하 28-1(충정로3가),37.560061,126.962783
5호선,하남검단산역,경기도 하남시 대청로 지하100(창우동),37.539729,127.223427
5호선,하남시청(덕풍·신장),경기도 하남시 하남대로 지하820(덕풍동),37.541723,127.206901
5호선,하남풍산,경기도 하남시 덕풍서로 지하50(덕풍동),37.552201,127.203897
5호선,행당,서울특별시 성동구 행당로 지하89(행당동),37.557297,127.029482
5호선,화곡,서울특별시 강서구 화곡로 지하168(화곡동),37.541585,126.840436
6호선,고려대,서울특별시 성북구 종암로 지하1(종암동),37.59034,127.03626
6호선,공덕,서울특별시 마포구 백범로 지하200(공덕동),37.543592,126.951664
6호선,광흥창,서울특별시 마포구 독막로 지하165(창전동),37.547464,126.931971
6호선,구산,서울특별시 은평구 연서로 지하137-1(구산동),37.611349,126.917248
6호선,녹사평,서울특별시 용산구 녹사평대로 지하195(용산동4가),37.53469,126.98665
6호선,대흥(서강대앞),서울특별시 마포구 대흥로 지하85(대흥동),37.547732,126.942214
6호선,독바위,서울특별시 은평구 불광로 지하129-1(불광동),37.618413,126.933035
6호선,돌곶이,서울특별시 성북구 화랑로 지하243(석관동),37.610522,127.056419
6호선,동묘앞,서울특별시 종로구 지봉로 지하24(숭인동),37.572275,127.015666
6호선,디지털미디어시티,서울특별시 은평구 수색로 지하175(증산동),37.577005,126.898643
6호선,마포구청,서울특별시 마포구 월드컵로 지하190(성산동),37.563535,126.903326
6호선,망원,서울특별시 마포구 월드컵로 지하77(망원동),37.556031,126.910129
6호선,버티고개,서울특별시 중구 다산로 지하38(신당동),37.547933,127.006948
6호선,보문,서울특별시 성북구 보문로 지하116(보문동1가),37.585293,127.019377
6호선,봉화산,서울특별시 중랑구 신내로 지하232(신내동),37.617293,127.091375
6호선,불광,서울특별시 은평구 통일로 지하723-1(대조동),37.610919,126.929504
6호선,삼각지,서울특별시 용산구 한강대로 지하185(한강로1가),37.53463,126.973085
6호선,상수,서울특별시 마포구 독막로 지하85(상수동),37.547726,126.9231
6호선,상월곡(한국과학기술연구원),서울특별시 성북구 화랑로 지하157(상월곡동),37.606392,127.048509
6호선,새절(신사),서울특별시 은평구 증산로 지하400(신사동),37.591148,126.913613
6호선,석계,서울특별시 노원구 화랑로 지하 347-1(월계동),37.614937,127.065922
6호선,신내,서울특별시 중랑구 용마산로136길 33 신내차량기지,37.612571,127.104326
6호선,신당,서울특별시 중구 다산로 지하260(흥인동),37.566174,127.016158
6호선,안암(고대병원앞),서울특별시 성북구 고려대로 지하89(안암동5가),37.586299,127.02906
6호선,약수,서울특별시 중구 다산로 지하115(신당동),37.554087,127.010237
6호선,역촌,서울특별시 은평구 서오릉로 지하63(녹번동),37.60605,126.922764
6호선,연신내,서울특별시 은평구 통일로 지하849(갈현동),37.619235,126.921041
6호선,월곡(동덕여대),서울특별시 성북구 월곡로 지하107(하월곡동),37.619235,126.921041
6호선,월드컵경기장(성산),서울특별시 마포구 월드컵로 지하240(성산동),37.569439,126.899077
6호선,응암,서울특별시 은평구 증산로 지하477(신사동),37.59859,126.915583
6호선,이태원,서울특별시 용산구 이태원로 지하177(이태원동),37.534485,126.994369
6호선,증산(명지대앞),서울특별시 은평구 증산로 지하306(증산동),37.583989,126.909785
6호선,창신,서울특별시 종로구 지봉로 지하112(창신동),37.579772,127.015246
6호선,청구,서울특별시 중구 청구로 지하77(신당동),37.560221,127.013776
6호선,태릉입구,서울특별시 노원구 동일로 지하 992-1(공릉동),37.617319,127.074741
6호선,한강진,서울특별시 용산구 이태원로 지하287(한남동),37.53956,127.001729
6호선,합정,서울특별시 마포구 양화로 지하45(합정동),37.549033,126.913546
6호선,화랑대(서울여대입구),서울특별시 노원구 화랑로 지하510(공릉동),37.619875,127.084106
6호선,효창공원앞,서울특별시 용산구 백범로 지하287(효창동),37.539279,126.961348
7호선,가산디지털단지,서울특별시 금천구 가산동 468-4 가산디지털단지역(7호선),37.480376,126.882704
7호선,강남구청,서울특별시 강남구 삼성동 111-44 강남구청역(7호선),37.517185,127.04122
7호선,건대입구,서울특별시 광진구 화양동 6-3 건대입구역(7호선),37.540882,127.071103
7호선,고속터미널,서울특별시 서초구 반포동 19-11 고속터미널역(7호선),37.503387,127.005055
7호선,공릉,서울특별시 노원구 공릉동 385-4 공릉역(7호선),37.625642,127.072969
7호선,광명사거리,경기도 광명시 광명동 158-211 광명사거리역(7호선),37.47927,126.854854
7호선,군자(능동),서울특별시 광진구 능동 275-5 군자(능동)역(7호선),37.557151,127.079484
7호선,남구로,서울특별시 구로구 구로동 801-95 남구로역(7호선),37.486181,126.887372
7호선,남성,서울특별시 동작구 사당동 산25-33 남성역(7호선),37.484688,126.971108
7호선,내방,서울특별시 서초구 방배동 874-16 내방역(7호선),37.48764,126.993541
7호선,노원,서울특별시 노원구 상계동 729 노원역(7호선),37.654478,127.060555
7호선,논현,서울특별시 강남구 논현동 279-67 논현역(7호선),37.511115,127.021444
7호선,대림,서울특별시 영등포구 대림동 1050-17 대림역(7호선),37.492984,126.896997
7호선,도봉산,서울특별시 도봉구 도봉동 38-3 도봉산역(7호선),37.689131,127.046548
7호선,뚝섬유원지,서울특별시 광진구 자양동 73-2 뚝섬유원지역(7호선),37.531558,127.066714
7호선,마들,서울특별시 노원구 상계동 650 마들역(7호선),37.664985,127.057701
7호선,먹골,서울특별시 중랑구 묵동 189-5 먹골역(7호선),37.610638,127.077719
7호선,면목,서울특별시 중랑구 면목동 282-6 면목역(7호선),37.588671,127.087503
7호선,반포,서울특별시 서초구 잠원동 103 반포역(7호선),37.508171,127.011717
7호선,보라매,서울특별시 동작구 대방동 466-51 보라매역(7호선),37.499916,126.920112
7호선,사가정,서울특별시 중랑구 면목동 495 사가정역(7호선),37.580912,127.088502
7호선,상도(중앙대앞),서울특별시 동작구 상도1동 702-1 상도역(중대입구역)(7호선),37.50279,126.947949
7호선,상봉,서울특별시 중랑구 상봉동 100-9 상봉역(7호선),37.595673,127.085708
7호선,수락산,서울특별시 노원구 상계동 1132-9 수락산역(7호선),37.677804,127.055314
7호선,숭실대입구(살피재),서울특별시 동작구 상도동 514 숭실대입구역(7호선),37.496258,126.953649
7호선,신대방삼거리,서울특별시 동작구 대방동 406-10 신대방삼거리역(7호선),37.499717,126.928218
7호선,신풍,서울특별시 영등포구 신길동 3599 신풍역(7호선),37.500107,126.909806
7호선,어린이대공원(세종대),서울특별시 광진구 화양동 164-1 어린이대공원역(7호선),37.547962,127.07465
7호선,온수,서울특별시 구로구 온수동 119 온수역(7호선),37.492059,126.823294
7호선,용마산,서울특별시 중랑구 면목동 1316-5 용마산역(7호선),37.573752,127.086802
7호선,장승배기,서울특별시 동작구 상도동 26-20 장승배기역(7호선),37.504845,126.939025
7호선,장암,경기도 의정부시 장암동 160-8 장암역(7호선),37.70015,127.053126
7호선,중계,서울특별시 노원구 중계동 503-3 중계역(7호선),37.645052,127.064084
7호선,중곡,서울특별시 광진구 중곡동 273-2 7호선 중곡역(7호선),37.565877,127.084291
7호선,중화,서울특별시 중랑구 중화동 50-3 중화역(7호선),37.602604,127.079254
7호선,천왕,서울특별시 구로구 천왕동 14-25 천왕역(7호선),37.486699,126.838684
7호선,철산,경기도 광명시 철산동 526 철산역(7호선),37.47616,126.868217
7호선,청담,서울특별시 강남구 청담동 77-76 청담역(7호선),37.519097,127.051851
7호선,총신대입구(이수),서울특별시 동작구 사당동 144-4 이수역(7호선),37.485258,126.981766
7호선,태릉입구,서울특별시 노원구 공릉동 616-4 태릉입구역(7호선),37.617319,127.074741
7호선,하계,서울특별시 노원구 하계동 273-5 하계역(7호선),37.636363,127.067999
7호선,학동,서울특별시 강남구 논현동 279-67 학동역(7호선),37.514262,127.031738
7호선,굴포천,경기도 부천시 길주로 623,37.506997,126.73128
7호선,까치울,경기도 부천시 길주로 626,37.506207,126.810939
7호선,부천시청,경기도 부천시 길주로 202,37.504631,126.763538
7호선,부천종합운동장,경기도 부천시 길주로 502,37.50538,126.797337
7호선,부평구청,경기도 부천시 길주로 189,37.508336,126.720548
7호선,산곡,경기도 부천시 길주로 379,37.50864,126.703148
7호선,삼산체육관,경기도 부천시 길주로 713,37.506411,126.742153
7호선,상동,경기도 부천시 길주로 104,37.505781,126.753083
7호선,석남,경기도 부천시 길주로 120,37.506193,126.676203
7호선,신중동,경기도 부천시 길주로 314,37.503048,126.77596
7호선,춘의,경기도 부천시 길주로 406,37.503663,126.787036
8호선,암사,서울특별시 강동구 암사동 501 암사역(8호선),37.550127,127.127521
8호선,천호(풍납토성),서울특별시 강동구 천호동 455 천호역(8호선),37.53792,127.123179
8호선,강동구청,서울특별시 강동구 성내동 319 강동구청역(8호선),37.530348,127.120461
8호선,몽촌토성(평화의문),서울특별시 송파구 신천동 19 몽촌토성역(8호선),37.517692,127.11274
8호선,잠실,서울특별시 송파구 신천동 7-4 잠실역(8호선),37.514649,127.104267
8호선,석촌,서울특별시 송파구 석촌동 209 석촌역(8호선),37.505396,127.106995
8호선,송파,서울특별시 송파구 가락동 459-4 송파역(8호선),37.49978,127.11212
8호선,가락시장,서울특별시 송파구 가락동 184-23 가락시장역(8호선),37.493004,127.118279
8호선,문정,서울특별시 송파구 문정동 119-4 문정역(8호선),37.485931,127.122473
8호선,장지,서울특별시 송파구 장지동 201-5 장지역(8호선),37.478609,127.126229
8호선,복정,서울특별시 송파구 장지동 596-21 복정역(8호선),37.471016,127.126746
8호선,산성,경기도 성남시 수정구 신흥동 7 산성역(8호선),37.456886,127.149927
8호선,남한산성입구(성남법원·검찰청),경기도 성남시 수정구 단대동 96 남한산성입구역(8호선),37.451568,127.159845
8호선,단대오거리,경기도 성남시 수정구 신흥동 2467 단대오거리역(8호선),37.445057,127.156735
8호선,신흥,경기도 성남시 수정구 신흥동 2467 신흥역(8호선),37.440952,127.14759
8호선,수진,경기도 성남시 수정구 수진동 2205-1 수진역(8호선),37.437575,127.140936
8호선,모란,경기도 성남시 수정구 수진동 4518 모란역(8호선),37.433888,127.129921
8호선,남위례,경기도 성남시 수정구 복정동 57 남위례역(8호선),37.462839,127.139047
9호선,개화,서울특별시 강서구 개화동 493-2,37.578608,126.798153
9호선,김포공항,서울특별시 강서구 방화동 886,37.562434,126.801058
9호선,공항시장,서울특별시 강서구 공항동 산 20-2,37.563726,126.810678
9호선,신방화,서울특별시 강서구 방화동 217-156,37.567532,126.816601
9호선,마곡나루,서울특별시 강서구 마곡동 367-6,37.56674,126.827379
9호선,양천향교,서울특별시 강서구 가양동 159-3,37.568381,126.841333
9호선,가양,서울특별시 강서구 가양동 14-61,37.561391,126.854456
9호선,증미,서울특별시 강서구 등촌동 666-40,37.557402,126.861939
9호선,등촌,서울특별시 강서구 등촌동 666-94,37.550632,126.865689
9호선,염창,서울특별시 강서구 염창동 284-84,37.546936,126.874916
9호선,신목동,서울특별시 양천구 목동 136-2,37.544277,126.88308
9호선,선유도,서울특별시 영등포구 양평동5가 66-1,37.53802,126.893525
9호선,당산,서울특별시 영등포구 당산동6가 227-1,37.53438,126.902281
9호선,국회의사당,서울특별시 영등포구 여의도동 1-6,37.528105,126.917874
9호선,여의도,서울특별시 영등포구 여의도동 2-6,37.521624,126.924191
9호선,샛강,서울특별시 영등포구 여의도동 5-6,37.517274,126.928422
9호선,노량진,서울특별시 동작구 노량진동 60-11,37.514219,126.942454
9호선,노들,서울특별시 동작구 본동 344-10,37.51269,126.95327
9호선,흑석,서울특별시 동작구 흑석동 4,37.50877,126.963708
9호선,동작,서울특별시 동작구 동작동 326,37.503113,126.977618
9호선,구반포,서울특별시 서초구 반포동 817,37.501364,126.987332
9호선,신반포,서울특별시 서초구 반포동 128-1,37.503415,126.995925
9호선,고속터미널,서울특별시 서초구 반포동 19-11,37.50481,127.004943
9호선,사평,서울특별시 서초구 반포동 128-7,37.504206,127.015259
9호선,신논현,서울특별시 강남구 역삼동 800,37.504598,127.02506
9호선,언주,서울특별시 강남구 논현동 279-165,37.507287,127.033868
9호선,선정릉,서울특별시 강남구 삼성동 111-114,37.51098,127.043593
9호선,삼성중앙,서울특별시 강남구 삼성동 111-147,37.513011,127.053282
9호선,봉은사,서울특별시 강남구 삼성동 172,37.514219,127.060245
9호선,종합운동장,서울특별시 송파구 잠실동 123,37.510997,127.073642
9호선,삼전,서울특별시 송파구 잠실동 289,37.50438592,127.0880836
9호선,석촌고분,서울특별시 송파구 삼전동180-8,37.50245919,127.0969208
9호선,석촌,서울특별시 송파구 석촌동 209,37.505431,127.106979
9호선,송파나루,서울특별시 송파구 방이동 2,37.51088835,127.1126555
9호선,한성백제,서울특별시 송파구 방이동 88-21,37.51558147,127.1155224
9호선,올림픽공원(한국체대),서울특별시 송파구 방이동 88-26,37.516078,127.130848
9호선,둔촌오륜,서울특별시 강동구 둔촌동 227-7,37.51941117,127.138820852
9호선,중앙보훈병원,서울특별시 강동구 둔촌동 8-1,37.52841926,127.148551941
경춘선,청량리,서울특별시 동대문구 왕산로 214,37.58056548,127.0481884
경춘선,회기,서울특별시 동대문구 회기로 196 (휘경동 317-101),37.58958459,127.0578467
경춘선,중랑,서울특별시 중랑구 중랑역로3길 28 (중화2동 321-37),37.59493073,127.075937
경춘선,상봉,서울특별시 중랑구 망우로 297 (상봉1동 100-9),37.59672598,127.0857592
경춘선,망우,서울특별시 중랑구 망우로 55길 11-10 (상봉1동 72),37.59928546,127.0923442
경춘선,신내,서울특별시 중랑구 망우동 320-2,37.61269161,127.1032323
경춘선,갈매,경기도 구리시 갈매동 경춘북로 229 (갈매동 502-18),37.6339533,127.1147212
경춘선,별내,경기도 남양주시 별내동,37.64211268,127.1269706
경춘선,퇴계원,경기도 남양주시 퇴계원면 경춘북로 545 (퇴계원리 218-8),37.64822438,127.1439498
경춘선,사릉,경기도 남양주시 진건읍 진건우회로 72-8 (사능리 590-2),37.65147712,127.1769319
경춘선,금곡,경기도 남양주시 경춘로 903 (금곡동 404-276),37.63744761,127.2080441
경춘선,평내호평,경기도 남양주시 경춘로 1375 (평내동 156),37.65324819,127.2446456
경춘선,천마산,경기도 남양주시 화도읍 묵현리 295-3 ,37.65898957,127.2857693
경춘선,마석,경기도 남양주시 화도읍 마석중앙로 83-14 (마석우리 222-2),37.65234206,127.3117733
경춘선,대성리,경기도 가평군 청평면 경춘로 88 (대성리 393),37.68392644,127.3792176
경춘선,청평,경기도 가평군 청평면 청평역로 97-33 (청평리 125-1),37.73556113,127.4266177
경춘선,상천,경기도 가평군 청평면 상천역로 29 (상천리 1261),37.77033858,127.4542445
경춘선,가평,경기도 가평군 가평읍 문화로 13-42 (달전리 567),37.81423015,127.5110296
경춘선,굴봉산,강원도 춘천시 남산면 서백길 192 (백양리 588-30),37.83213495,127.5570675
경춘선,백양리,강원도 춘천시 남산면 북한강변길 690 (강촌리 680-7),37.83082142,127.5890904
경춘선,강촌,강원도 춘천시 남산면 강촌로 150 (방곡리 409),37.80598719,127.6341439
경춘선,김유정,강원도 춘천시 신동면 김유정로 1435 (증리 859-3),37.81807231,127.7145818
경춘선,남춘천,강원도 춘천시 영서로 2260 (퇴계동 633-2),37.864004,127.7238494
경춘선,춘천,강원도 춘천시 평화로 1 (근화동 190),37.88462136,127.717299
경춘선,광운대,서울특별시 노원구 석계로 98-2 (월계동 44번지),37.6236627,127.0614413
경춘선,상봉,서울특별시 중랑구 망우로 297 (상봉동 100-9번지),37.59712925,127.0856662
우이신설,신설동,서울특별시 동대문구 왕산로 지하 1 (신설동),37.57651631,127.0231929
우이신설,보문,서울특별시 성북구 보문로 지하 116 (보문동1가 127-1번지),37.58544129,127.0196803
우이신설,성신여대입구,서울특별시 성북구 동소문로 지하 102 (동선동4가 1번지),37.59235689,127.01654
우이신설,정릉,서울특별시 성북구 아리랑로 지하 122 (정릉동 139-80번지),37.6026556,127.0135356
우이신설,북한산보국문,서울특별시 성북구 보국문로 지하 88 (정릉동 286-19번지),37.61217505,127.0082594
우이신설,솔샘,서울특별시 강북구 솔샘로 지하 189 (미아동 1353-20번지),37.62026544,127.0135105
우이신설,삼양사거리,서울특별시 강북구 솔샘로 지하 189 (미아동 1353-20번지),37.62133661,127.0204939
우이신설,삼양,서울특별시 강북구 삼양로 260 (미아동 791-703번지),37.62692311,127.0181392
우이신설,화계,서울특별시 강북구 삼양로 341 (수유동 472-677번지),37.63412659,127.0175009
우이신설,가오리,서울특별시 강북구 삼양로 426 (수유동 338-46번지),37.64155983,127.0167661
우이신설,4.19 민주묘지,서울특별시 강북구 삼양로 519 (우이동 72-186번지),37.64956546,127.0136857
우이신설,솔밭공원,서울특별시 강북구 삼양로 595 (우이동 57-28번지),37.65589942,127.0132506
우이신설,북한산우이,서울특별시 강북구 삼양로 지하 676 (우이동 16-20번지),37.663237,127.012472
